{"cameraMode":{"drawMode":0,"name":"Shaded","section":"Shading Mode"},"sceneLighting":false,"audioPlay":false,"sceneViewState":{"showFog":true,"showMaterialUpdate":false,"showSkybox":false,"showFlares":true,"showImageEffects":true,"showParticleSystems":true,"showVisualEffectGraphs":true,"m_FxEnabled":true},"in2DMode":false,"pivot":{"x":-43.30991744995117,"y":7.421367645263672,"z":153.6831512451172},"rotation":{"x":-0.0029209244530647995,"y":0.9930477142333984,"z":-0.11457131803035736,"w":-0.010549519211053849},"size":13.255729675292969,"orthographic":false}