{"cameraMode":{"drawMode":0,"name":"Shaded","section":"Shading Mode"},"sceneLighting":true,"audioPlay":false,"sceneViewState":{"showFog":true,"showMaterialUpdate":false,"showSkybox":true,"showFlares":true,"showImageEffects":true,"showParticleSystems":true,"showVisualEffectGraphs":true,"m_FxEnabled":true},"in2DMode":false,"pivot":{"x":-52.52264404296875,"y":-3.1412010192871095,"z":136.50343322753907},"rotation":{"x":0.13715627789497376,"y":0.11819504201412201,"z":-0.018540725111961366,"w":0.9829469919204712},"size":12.12435531616211,"orthographic":false}