{"cameraMode":{"drawMode":0,"name":"Shaded","section":"Shading Mode"},"sceneLighting":false,"audioPlay":false,"sceneViewState":{"showFog":true,"showMaterialUpdate":false,"showSkybox":false,"showFlares":true,"showImageEffects":true,"showParticleSystems":true,"showVisualEffectGraphs":true,"m_FxEnabled":true},"in2DMode":false,"pivot":{"x":-32.555389404296878,"y":-0.049638666212558749,"z":136.81787109375},"rotation":{"x":-0.0019006774527952076,"y":0.9987389445304871,"z":-0.04284355416893959,"w":-0.007733331993222237},"size":7.130961894989014,"orthographic":false}