{"cameraMode":{"drawMode":0,"name":"Shaded","section":"Shading Mode"},"sceneLighting":true,"audioPlay":false,"sceneViewState":{"showFog":true,"showMaterialUpdate":false,"showSkybox":false,"showFlares":true,"showImageEffects":true,"showParticleSystems":true},"in2DMode":false,"pivot":{"x":19.933101654052736,"y":4.8415656089782719,"z":-10.65926742553711},"rotation":{"x":0.10912298411130905,"y":0.8754146695137024,"z":-0.23419852554798127,"w":0.40877988934516909},"size":7.164356708526611,"orthographic":false}