{"cameraMode":{"drawMode":0,"name":"Shaded","section":"Shading Mode"},"sceneLighting":true,"audioPlay":false,"sceneViewState":{"showFog":true,"showMaterialUpdate":false,"showSkybox":true,"showFlares":true,"showImageEffects":true,"showParticleSystems":true},"in2DMode":false,"pivot":{"x":13.363666534423829,"y":-3.840451240539551,"z":11.182205200195313},"rotation":{"x":0.20312559604644776,"y":0.41890498995780947,"z":-0.09654896706342697,"w":0.8799114227294922},"size":18.103042602539064,"orthographic":false}