{"cameraMode":{"drawMode":0,"name":"Shaded","section":"Shading Mode"},"sceneLighting":false,"audioPlay":false,"sceneViewState":{"showFog":true,"showMaterialUpdate":false,"showSkybox":false,"showFlares":true,"showImageEffects":true,"showParticleSystems":true,"showVisualEffectGraphs":true,"m_FxEnabled":true},"in2DMode":false,"pivot":{"x":-58.716651916503909,"y":0.28763332962989809,"z":92.58580780029297},"rotation":{"x":-0.0051422882825136189,"y":0.9957573413848877,"z":-0.07863261550664902,"w":-0.03986208885908127},"size":0.7380194664001465,"orthographic":false}